"canonical_order","group","file","status","sha256","source","sorted_copy"
"1","00-entry-and-series-map","index.html","copied","CAE5F1D2F9B9ECF798A9D3FB1654D0AAFE38F8DAB5E6CCF01CAF74BB17E048A7","\\dlowenas\HPWorkstation\Desktop\MDA-BUILD\_MDA_BUILD_OVERLAP_AUDIT_20260526-083540\LIKELY_PRODUCTION_HTML_FROM_03_MORAL_DECLINE\index.html","\\dlowenas\HPWorkstation\Desktop\MDA-BUILD\_MDA_BUILD_OVERLAP_AUDIT_20260526-083540\CANONICAL_SORTED_PRODUCTION_HTML\00-entry-and-series-map\index.html"
"2","00-entry-and-series-map","1MDA-000-series-map.html","copied","982CDDA9D258C4DC61C5A1E03D309B7E8B6FB44290E5137556E1FFFE9A5CC992","\\dlowenas\HPWorkstation\Desktop\MDA-BUILD\_MDA_BUILD_OVERLAP_AUDIT_20260526-083540\LIKELY_PRODUCTION_HTML_FROM_03_MORAL_DECLINE\1MDA-000-series-map.html","\\dlowenas\HPWorkstation\Desktop\MDA-BUILD\_MDA_BUILD_OVERLAP_AUDIT_20260526-083540\CANONICAL_SORTED_PRODUCTION_HTML\00-entry-and-series-map\1MDA-000-series-map.html"
"3","00-entry-and-series-map","MDA-000-series-map.html","copied","1B12C9E74D153A1A77A38FBC6706D469B383D112DA54BA918E6BF9C98D2917AF","\\dlowenas\HPWorkstation\Desktop\MDA-BUILD\_MDA_BUILD_OVERLAP_AUDIT_20260526-083540\LIKELY_PRODUCTION_HTML_FROM_03_MORAL_DECLINE\MDA-000-series-map.html","\\dlowenas\HPWorkstation\Desktop\MDA-BUILD\_MDA_BUILD_OVERLAP_AUDIT_20260526-083540\CANONICAL_SORTED_PRODUCTION_HTML\00-entry-and-series-map\MDA-000-series-map.html"
"4","01-story-thread","MDA-001-story-introduction.html","copied","984AF80588299CAA39A10C1631FE5864254AF12E2F5D40A8A508BDE5940FFDD9","\\dlowenas\HPWorkstation\Desktop\MDA-BUILD\_MDA_BUILD_OVERLAP_AUDIT_20260526-083540\LIKELY_PRODUCTION_HTML_FROM_03_MORAL_DECLINE\MDA-001-story-introduction.html","\\dlowenas\HPWorkstation\Desktop\MDA-BUILD\_MDA_BUILD_OVERLAP_AUDIT_20260526-083540\CANONICAL_SORTED_PRODUCTION_HTML\01-story-thread\MDA-001-story-introduction.html"
"5","01-story-thread","MDA-002-samuel-1900.html","copied","525CC43E9771D8ED9F240E0F530BA8AD622594D2C6952F1CA8CD7F2BCB87F9F4","\\dlowenas\HPWorkstation\Desktop\MDA-BUILD\_MDA_BUILD_OVERLAP_AUDIT_20260526-083540\LIKELY_PRODUCTION_HTML_FROM_03_MORAL_DECLINE\MDA-002-samuel-1900.html","\\dlowenas\HPWorkstation\Desktop\MDA-BUILD\_MDA_BUILD_OVERLAP_AUDIT_20260526-083540\CANONICAL_SORTED_PRODUCTION_HTML\01-story-thread\MDA-002-samuel-1900.html"
"6","01-story-thread","MDA-008-henry-1926.html","copied","7B9662D2474D138AF91442166287E0CCC317267A6DA96A67A6BE89BBDF2482BB","\\dlowenas\HPWorkstation\Desktop\MDA-BUILD\_MDA_BUILD_OVERLAP_AUDIT_20260526-083540\LIKELY_PRODUCTION_HTML_FROM_03_MORAL_DECLINE\MDA-008-henry-1926.html","\\dlowenas\HPWorkstation\Desktop\MDA-BUILD\_MDA_BUILD_OVERLAP_AUDIT_20260526-083540\CANONICAL_SORTED_PRODUCTION_HTML\01-story-thread\MDA-008-henry-1926.html"
"7","01-story-thread","MDA-011-collective-security-1930.html","copied","1435280CA0BD895D33FE647709296C712ACC73BA06870343E1F01E2BE112E6D6","\\dlowenas\HPWorkstation\Desktop\MDA-BUILD\_MDA_BUILD_OVERLAP_AUDIT_20260526-083540\LIKELY_PRODUCTION_HTML_FROM_03_MORAL_DECLINE\MDA-011-collective-security-1930.html","\\dlowenas\HPWorkstation\Desktop\MDA-BUILD\_MDA_BUILD_OVERLAP_AUDIT_20260526-083540\CANONICAL_SORTED_PRODUCTION_HTML\01-story-thread\MDA-011-collective-security-1930.html"
"8","01-story-thread","MDA-012-william-1950.html","copied","2881B23B931F22B2797AC614CAA78926E4C31A43E5A87A97BA81407FD1583C5A","\\dlowenas\HPWorkstation\Desktop\MDA-BUILD\_MDA_BUILD_OVERLAP_AUDIT_20260526-083540\LIKELY_PRODUCTION_HTML_FROM_03_MORAL_DECLINE\MDA-012-william-1950.html","\\dlowenas\HPWorkstation\Desktop\MDA-BUILD\_MDA_BUILD_OVERLAP_AUDIT_20260526-083540\CANONICAL_SORTED_PRODUCTION_HTML\01-story-thread\MDA-012-william-1950.html"
"9","01-story-thread","MDA-016-thomas-1974.html","copied","A02BFF7B1ACC8B8CB066DC87335B6A1B872D0D833353414812BF1A23EE96A9CC","\\dlowenas\HPWorkstation\Desktop\MDA-BUILD\_MDA_BUILD_OVERLAP_AUDIT_20260526-083540\LIKELY_PRODUCTION_HTML_FROM_03_MORAL_DECLINE\MDA-016-thomas-1974.html","\\dlowenas\HPWorkstation\Desktop\MDA-BUILD\_MDA_BUILD_OVERLAP_AUDIT_20260526-083540\CANONICAL_SORTED_PRODUCTION_HTML\01-story-thread\MDA-016-thomas-1974.html"
"10","01-story-thread","MDA-031-jacob-1998.html","copied","E14B1700FBA9010493F63A0878399C1EE2FD624902FF04331D7F5574CA76A7CD","\\dlowenas\HPWorkstation\Desktop\MDA-BUILD\_MDA_BUILD_OVERLAP_AUDIT_20260526-083540\LIKELY_PRODUCTION_HTML_FROM_03_MORAL_DECLINE\MDA-031-jacob-1998.html","\\dlowenas\HPWorkstation\Desktop\MDA-BUILD\_MDA_BUILD_OVERLAP_AUDIT_20260526-083540\CANONICAL_SORTED_PRODUCTION_HTML\01-story-thread\MDA-031-jacob-1998.html"
"11","01-story-thread","MDA-050-jacob-2025.html","copied","858862A6ACDDA2486923E56686B5E03A9CE1CD9CF33D7A9FEECF7EF6F706208F","\\dlowenas\HPWorkstation\Desktop\MDA-BUILD\_MDA_BUILD_OVERLAP_AUDIT_20260526-083540\LIKELY_PRODUCTION_HTML_FROM_03_MORAL_DECLINE\MDA-050-jacob-2025.html","\\dlowenas\HPWorkstation\Desktop\MDA-BUILD\_MDA_BUILD_OVERLAP_AUDIT_20260526-083540\CANONICAL_SORTED_PRODUCTION_HTML\01-story-thread\MDA-050-jacob-2025.html"
"12","02-method-and-metrics","MDA-003-measuring-moral-health.html","copied","C96397AAB167A2C2FB137B6556918AFC8D9B0458CAF0B92B5A4176C56EA84E7D","\\dlowenas\HPWorkstation\Desktop\MDA-BUILD\_MDA_BUILD_OVERLAP_AUDIT_20260526-083540\LIKELY_PRODUCTION_HTML_FROM_03_MORAL_DECLINE\MDA-003-measuring-moral-health.html","\\dlowenas\HPWorkstation\Desktop\MDA-BUILD\_MDA_BUILD_OVERLAP_AUDIT_20260526-083540\CANONICAL_SORTED_PRODUCTION_HTML\02-method-and-metrics\MDA-003-measuring-moral-health.html"
"13","02-method-and-metrics","MDA-004-facts-framework.html","copied","D04F0F44FFEC165875B6BD9CAECD3B7C0269BA371D7EDE8FFDC130824C484DAF","\\dlowenas\HPWorkstation\Desktop\MDA-BUILD\_MDA_BUILD_OVERLAP_AUDIT_20260526-083540\LIKELY_PRODUCTION_HTML_FROM_03_MORAL_DECLINE\MDA-004-facts-framework.html","\\dlowenas\HPWorkstation\Desktop\MDA-BUILD\_MDA_BUILD_OVERLAP_AUDIT_20260526-083540\CANONICAL_SORTED_PRODUCTION_HTML\02-method-and-metrics\MDA-004-facts-framework.html"
"14","02-method-and-metrics","MDA-006-research-method.html","copied","3E44FF51A7E5D67E3A48DC9ABD6827F0B01443D17628C4966A74FE6CB2DBB347","\\dlowenas\HPWorkstation\Desktop\MDA-BUILD\_MDA_BUILD_OVERLAP_AUDIT_20260526-083540\LIKELY_PRODUCTION_HTML_FROM_03_MORAL_DECLINE\MDA-006-research-method.html","\\dlowenas\HPWorkstation\Desktop\MDA-BUILD\_MDA_BUILD_OVERLAP_AUDIT_20260526-083540\CANONICAL_SORTED_PRODUCTION_HTML\02-method-and-metrics\MDA-006-research-method.html"
"15","02-method-and-metrics","MDA-007-nine-domains.html","copied","2A860C456D5E060F04DF2202609A814BC342A33C53364C11077247EDB9565516","\\dlowenas\HPWorkstation\Desktop\MDA-BUILD\_MDA_BUILD_OVERLAP_AUDIT_20260526-083540\LIKELY_PRODUCTION_HTML_FROM_03_MORAL_DECLINE\MDA-007-nine-domains.html","\\dlowenas\HPWorkstation\Desktop\MDA-BUILD\_MDA_BUILD_OVERLAP_AUDIT_20260526-083540\CANONICAL_SORTED_PRODUCTION_HTML\02-method-and-metrics\MDA-007-nine-domains.html"
"16","02-method-and-metrics","MDA-037-biaxiosum-audit.html","copied","D2D3C65E7BBAA9ADF14CA21B5C1A2E47E782FCF3F50F4AF1AA2077835C39D19C","\\dlowenas\HPWorkstation\Desktop\MDA-BUILD\_MDA_BUILD_OVERLAP_AUDIT_20260526-083540\LIKELY_PRODUCTION_HTML_FROM_03_MORAL_DECLINE\MDA-037-biaxiosum-audit.html","\\dlowenas\HPWorkstation\Desktop\MDA-BUILD\_MDA_BUILD_OVERLAP_AUDIT_20260526-083540\CANONICAL_SORTED_PRODUCTION_HTML\02-method-and-metrics\MDA-037-biaxiosum-audit.html"
"17","02-method-and-metrics","MDA-038-coherence-metric.html","copied","48DAF6DB3367E9F4F97D2D0499743DA369C5469103A8A1A826D218F154066AB3","\\dlowenas\HPWorkstation\Desktop\MDA-BUILD\_MDA_BUILD_OVERLAP_AUDIT_20260526-083540\LIKELY_PRODUCTION_HTML_FROM_03_MORAL_DECLINE\MDA-038-coherence-metric.html","\\dlowenas\HPWorkstation\Desktop\MDA-BUILD\_MDA_BUILD_OVERLAP_AUDIT_20260526-083540\CANONICAL_SORTED_PRODUCTION_HTML\02-method-and-metrics\MDA-038-coherence-metric.html"
"18","02-method-and-metrics","MDA-039-physics-of-coherence.html","copied","D4717DE6FE50260B21D67ABCA5763A082C9FF448923055CD98E06E31FD077BFF","\\dlowenas\HPWorkstation\Desktop\MDA-BUILD\_MDA_BUILD_OVERLAP_AUDIT_20260526-083540\LIKELY_PRODUCTION_HTML_FROM_03_MORAL_DECLINE\MDA-039-physics-of-coherence.html","\\dlowenas\HPWorkstation\Desktop\MDA-BUILD\_MDA_BUILD_OVERLAP_AUDIT_20260526-083540\CANONICAL_SORTED_PRODUCTION_HTML\02-method-and-metrics\MDA-039-physics-of-coherence.html"
"19","02-method-and-metrics","MDA-040-statistical-synthesis.html","copied","7FDF2BF990AB1A6E6935D6646989196F1D49265BC323E0AE19CA906CD3719009","\\dlowenas\HPWorkstation\Desktop\MDA-BUILD\_MDA_BUILD_OVERLAP_AUDIT_20260526-083540\LIKELY_PRODUCTION_HTML_FROM_03_MORAL_DECLINE\MDA-040-statistical-synthesis.html","\\dlowenas\HPWorkstation\Desktop\MDA-BUILD\_MDA_BUILD_OVERLAP_AUDIT_20260526-083540\CANONICAL_SORTED_PRODUCTION_HTML\02-method-and-metrics\MDA-040-statistical-synthesis.html"
"20","02-method-and-metrics","MDA-041-statistical-spine.html","copied","333C13C701DB3E4CC55EA43CC6B2B7B087B9F2AE429B13750B1AD67118043CE5","\\dlowenas\HPWorkstation\Desktop\MDA-BUILD\_MDA_BUILD_OVERLAP_AUDIT_20260526-083540\LIKELY_PRODUCTION_HTML_FROM_03_MORAL_DECLINE\MDA-041-statistical-spine.html","\\dlowenas\HPWorkstation\Desktop\MDA-BUILD\_MDA_BUILD_OVERLAP_AUDIT_20260526-083540\CANONICAL_SORTED_PRODUCTION_HTML\02-method-and-metrics\MDA-041-statistical-spine.html"
"21","03-evidence-chronology","MDA-005-empirical-evidence.html","copied","8EDF4761F847ECC7C6FF9FDC895FE19E86138E40DA93845B8B42CD609C1F8210","\\dlowenas\HPWorkstation\Desktop\MDA-BUILD\_MDA_BUILD_OVERLAP_AUDIT_20260526-083540\LIKELY_PRODUCTION_HTML_FROM_03_MORAL_DECLINE\MDA-005-empirical-evidence.html","\\dlowenas\HPWorkstation\Desktop\MDA-BUILD\_MDA_BUILD_OVERLAP_AUDIT_20260526-083540\CANONICAL_SORTED_PRODUCTION_HTML\03-evidence-chronology\MDA-005-empirical-evidence.html"
"22","03-evidence-chronology","MDA-009-the-1900-baseline.html","copied","483072069551D1E0577EB22486BB20120478BEA1677C5EC5B43BE9C84936309D","\\dlowenas\HPWorkstation\Desktop\MDA-BUILD\_MDA_BUILD_OVERLAP_AUDIT_20260526-083540\LIKELY_PRODUCTION_HTML_FROM_03_MORAL_DECLINE\MDA-009-the-1900-baseline.html","\\dlowenas\HPWorkstation\Desktop\MDA-BUILD\_MDA_BUILD_OVERLAP_AUDIT_20260526-083540\CANONICAL_SORTED_PRODUCTION_HTML\03-evidence-chronology\MDA-009-the-1900-baseline.html"
"23","03-evidence-chronology","MDA-010-pre-modern-baseline.html","copied","B9B3B6A65A3EF9037832E6A71DFC90F5CD0727878D8E4D01D249DD526C161FBE","\\dlowenas\HPWorkstation\Desktop\MDA-BUILD\_MDA_BUILD_OVERLAP_AUDIT_20260526-083540\LIKELY_PRODUCTION_HTML_FROM_03_MORAL_DECLINE\MDA-010-pre-modern-baseline.html","\\dlowenas\HPWorkstation\Desktop\MDA-BUILD\_MDA_BUILD_OVERLAP_AUDIT_20260526-083540\CANONICAL_SORTED_PRODUCTION_HTML\03-evidence-chronology\MDA-010-pre-modern-baseline.html"
"24","03-evidence-chronology","MDA-013-peak-coherence-1940.html","copied","1DDC62A3EDA14485B08880DAA962CB73FB70587889D2AE93D679B92ECC65A3A5","\\dlowenas\HPWorkstation\Desktop\MDA-BUILD\_MDA_BUILD_OVERLAP_AUDIT_20260526-083540\LIKELY_PRODUCTION_HTML_FROM_03_MORAL_DECLINE\MDA-013-peak-coherence-1940.html","\\dlowenas\HPWorkstation\Desktop\MDA-BUILD\_MDA_BUILD_OVERLAP_AUDIT_20260526-083540\CANONICAL_SORTED_PRODUCTION_HTML\03-evidence-chronology\MDA-013-peak-coherence-1940.html"
"25","03-evidence-chronology","MDA-014-fissure-1950.html","copied","5062D6DE5F323BC4B41CC25553E02EB5F65DC9E0A816E2B105111ABF29126A1A","\\dlowenas\HPWorkstation\Desktop\MDA-BUILD\_MDA_BUILD_OVERLAP_AUDIT_20260526-083540\LIKELY_PRODUCTION_HTML_FROM_03_MORAL_DECLINE\MDA-014-fissure-1950.html","\\dlowenas\HPWorkstation\Desktop\MDA-BUILD\_MDA_BUILD_OVERLAP_AUDIT_20260526-083540\CANONICAL_SORTED_PRODUCTION_HTML\03-evidence-chronology\MDA-014-fissure-1950.html"
"26","03-evidence-chronology","MDA-015-long-decline.html","copied","5D258E503DA1991F06B49A7ED103143E383C50E5D39C374ED4437F2202632A9C","\\dlowenas\HPWorkstation\Desktop\MDA-BUILD\_MDA_BUILD_OVERLAP_AUDIT_20260526-083540\LIKELY_PRODUCTION_HTML_FROM_03_MORAL_DECLINE\MDA-015-long-decline.html","\\dlowenas\HPWorkstation\Desktop\MDA-BUILD\_MDA_BUILD_OVERLAP_AUDIT_20260526-083540\CANONICAL_SORTED_PRODUCTION_HTML\03-evidence-chronology\MDA-015-long-decline.html"
"27","03-evidence-chronology","MDA-017-unraveling-1960.html","copied","B35DC5E0BD6DCEF5411BDA131A43BAEAF532DCF6ABF7036D81B10D1BCDD5A31C","\\dlowenas\HPWorkstation\Desktop\MDA-BUILD\_MDA_BUILD_OVERLAP_AUDIT_20260526-083540\LIKELY_PRODUCTION_HTML_FROM_03_MORAL_DECLINE\MDA-017-unraveling-1960.html","\\dlowenas\HPWorkstation\Desktop\MDA-BUILD\_MDA_BUILD_OVERLAP_AUDIT_20260526-083540\CANONICAL_SORTED_PRODUCTION_HTML\03-evidence-chronology\MDA-017-unraveling-1960.html"
"28","03-evidence-chronology","MDA-018-great-decoupling-1968.html","copied","413AD73AB48415F6F94BD691214C0F11A1C0B28F33232EB7260E70D8407EFF23","\\dlowenas\HPWorkstation\Desktop\MDA-BUILD\_MDA_BUILD_OVERLAP_AUDIT_20260526-083540\LIKELY_PRODUCTION_HTML_FROM_03_MORAL_DECLINE\MDA-018-great-decoupling-1968.html","\\dlowenas\HPWorkstation\Desktop\MDA-BUILD\_MDA_BUILD_OVERLAP_AUDIT_20260526-083540\CANONICAL_SORTED_PRODUCTION_HTML\03-evidence-chronology\MDA-018-great-decoupling-1968.html"
"29","03-evidence-chronology","MDA-019-current-state-2024.html","copied","6D10B7F3D2B751D5F685CA41D0FF78307ECA97FAA5307D7E5E496287BF7FA6D5","\\dlowenas\HPWorkstation\Desktop\MDA-BUILD\_MDA_BUILD_OVERLAP_AUDIT_20260526-083540\LIKELY_PRODUCTION_HTML_FROM_03_MORAL_DECLINE\MDA-019-current-state-2024.html","\\dlowenas\HPWorkstation\Desktop\MDA-BUILD\_MDA_BUILD_OVERLAP_AUDIT_20260526-083540\CANONICAL_SORTED_PRODUCTION_HTML\03-evidence-chronology\MDA-019-current-state-2024.html"
"30","04-collapse-mechanisms","MDA-020-phase-transition.html","copied","8ACF383C5363E55F3432D1DB23A2ED20F4EAFA594A0DB094252328AF7E515478","\\dlowenas\HPWorkstation\Desktop\MDA-BUILD\_MDA_BUILD_OVERLAP_AUDIT_20260526-083540\LIKELY_PRODUCTION_HTML_FROM_03_MORAL_DECLINE\MDA-020-phase-transition.html","\\dlowenas\HPWorkstation\Desktop\MDA-BUILD\_MDA_BUILD_OVERLAP_AUDIT_20260526-083540\CANONICAL_SORTED_PRODUCTION_HTML\04-collapse-mechanisms\MDA-020-phase-transition.html"
"31","04-collapse-mechanisms","MDA-021-anatomy-of-phase-transition.html","copied","5B531D5699E6199F8341645A02F64320522B9502DF14084DE4DA89C593CBFD53","\\dlowenas\HPWorkstation\Desktop\MDA-BUILD\_MDA_BUILD_OVERLAP_AUDIT_20260526-083540\LIKELY_PRODUCTION_HTML_FROM_03_MORAL_DECLINE\MDA-021-anatomy-of-phase-transition.html","\\dlowenas\HPWorkstation\Desktop\MDA-BUILD\_MDA_BUILD_OVERLAP_AUDIT_20260526-083540\CANONICAL_SORTED_PRODUCTION_HTML\04-collapse-mechanisms\MDA-021-anatomy-of-phase-transition.html"
"32","04-collapse-mechanisms","MDA-022-cascade.html","copied","FD24EA0C403663288D8E701F828213B2B60D4952299E7428CFB54196A120F6B0","\\dlowenas\HPWorkstation\Desktop\MDA-BUILD\_MDA_BUILD_OVERLAP_AUDIT_20260526-083540\LIKELY_PRODUCTION_HTML_FROM_03_MORAL_DECLINE\MDA-022-cascade.html","\\dlowenas\HPWorkstation\Desktop\MDA-BUILD\_MDA_BUILD_OVERLAP_AUDIT_20260526-083540\CANONICAL_SORTED_PRODUCTION_HTML\04-collapse-mechanisms\MDA-022-cascade.html"
"33","04-collapse-mechanisms","MDA-023-coherence-cascade.html","copied","933597A936677ACDE1B88060F483E9A3F0ED36A5A400CD42E7A94FB622605D1D","\\dlowenas\HPWorkstation\Desktop\MDA-BUILD\_MDA_BUILD_OVERLAP_AUDIT_20260526-083540\LIKELY_PRODUCTION_HTML_FROM_03_MORAL_DECLINE\MDA-023-coherence-cascade.html","\\dlowenas\HPWorkstation\Desktop\MDA-BUILD\_MDA_BUILD_OVERLAP_AUDIT_20260526-083540\CANONICAL_SORTED_PRODUCTION_HTML\04-collapse-mechanisms\MDA-023-coherence-cascade.html"
"34","04-collapse-mechanisms","MDA-024-semantic-collapse.html","copied","4D85D6782AA2F0F3C80AE3C5D30A3439C5690AEDB0FC787703F283F4A663C91D","\\dlowenas\HPWorkstation\Desktop\MDA-BUILD\_MDA_BUILD_OVERLAP_AUDIT_20260526-083540\LIKELY_PRODUCTION_HTML_FROM_03_MORAL_DECLINE\MDA-024-semantic-collapse.html","\\dlowenas\HPWorkstation\Desktop\MDA-BUILD\_MDA_BUILD_OVERLAP_AUDIT_20260526-083540\CANONICAL_SORTED_PRODUCTION_HTML\04-collapse-mechanisms\MDA-024-semantic-collapse.html"
"35","04-collapse-mechanisms","MDA-025-cognitive-decline.html","copied","F08A5DC8EA391CF34DDEF43249F145F87271449F10388C738902ED8C9E2ED00E","\\dlowenas\HPWorkstation\Desktop\MDA-BUILD\_MDA_BUILD_OVERLAP_AUDIT_20260526-083540\LIKELY_PRODUCTION_HTML_FROM_03_MORAL_DECLINE\MDA-025-cognitive-decline.html","\\dlowenas\HPWorkstation\Desktop\MDA-BUILD\_MDA_BUILD_OVERLAP_AUDIT_20260526-083540\CANONICAL_SORTED_PRODUCTION_HTML\04-collapse-mechanisms\MDA-025-cognitive-decline.html"
"36","04-collapse-mechanisms","MDA-026-spiritual-collapse.html","copied","F6A413A71D6F6BF2391C041B89F1A1F2F688D0B9AB37842E3F7318664FD402BB","\\dlowenas\HPWorkstation\Desktop\MDA-BUILD\_MDA_BUILD_OVERLAP_AUDIT_20260526-083540\LIKELY_PRODUCTION_HTML_FROM_03_MORAL_DECLINE\MDA-026-spiritual-collapse.html","\\dlowenas\HPWorkstation\Desktop\MDA-BUILD\_MDA_BUILD_OVERLAP_AUDIT_20260526-083540\CANONICAL_SORTED_PRODUCTION_HTML\04-collapse-mechanisms\MDA-026-spiritual-collapse.html"
"37","04-collapse-mechanisms","MDA-027-signal-went-dark.html","copied","4266DAF0010974CC0FC619FB2D0BDAA0F8014D1458B597D0AA9640884B708068","\\dlowenas\HPWorkstation\Desktop\MDA-BUILD\_MDA_BUILD_OVERLAP_AUDIT_20260526-083540\LIKELY_PRODUCTION_HTML_FROM_03_MORAL_DECLINE\MDA-027-signal-went-dark.html","\\dlowenas\HPWorkstation\Desktop\MDA-BUILD\_MDA_BUILD_OVERLAP_AUDIT_20260526-083540\CANONICAL_SORTED_PRODUCTION_HTML\04-collapse-mechanisms\MDA-027-signal-went-dark.html"
"38","04-collapse-mechanisms","MDA-028-phantom-money.html","copied","418BE589C28DEF26AC02C80519B777C0AC466E723A3F3E2905A4BDC76FB2D73D","\\dlowenas\HPWorkstation\Desktop\MDA-BUILD\_MDA_BUILD_OVERLAP_AUDIT_20260526-083540\LIKELY_PRODUCTION_HTML_FROM_03_MORAL_DECLINE\MDA-028-phantom-money.html","\\dlowenas\HPWorkstation\Desktop\MDA-BUILD\_MDA_BUILD_OVERLAP_AUDIT_20260526-083540\CANONICAL_SORTED_PRODUCTION_HTML\04-collapse-mechanisms\MDA-028-phantom-money.html"
"39","04-collapse-mechanisms","MDA-029-observer-collapsed.html","copied","5C1EF9AA356091FFD412B527398E82B11863B6B3FC12F113FAA4D9A691E0B494","\\dlowenas\HPWorkstation\Desktop\MDA-BUILD\_MDA_BUILD_OVERLAP_AUDIT_20260526-083540\LIKELY_PRODUCTION_HTML_FROM_03_MORAL_DECLINE\MDA-029-observer-collapsed.html","\\dlowenas\HPWorkstation\Desktop\MDA-BUILD\_MDA_BUILD_OVERLAP_AUDIT_20260526-083540\CANONICAL_SORTED_PRODUCTION_HTML\04-collapse-mechanisms\MDA-029-observer-collapsed.html"
"40","04-collapse-mechanisms","MDA-030-trinity-mechanism.html","copied","DDFAA076F0D7C45307F07F85C645D48D20CFDF097495EA91AA9647D2CD83989B","\\dlowenas\HPWorkstation\Desktop\MDA-BUILD\_MDA_BUILD_OVERLAP_AUDIT_20260526-083540\LIKELY_PRODUCTION_HTML_FROM_03_MORAL_DECLINE\MDA-030-trinity-mechanism.html","\\dlowenas\HPWorkstation\Desktop\MDA-BUILD\_MDA_BUILD_OVERLAP_AUDIT_20260526-083540\CANONICAL_SORTED_PRODUCTION_HTML\04-collapse-mechanisms\MDA-030-trinity-mechanism.html"
"41","04-collapse-mechanisms","MDA-032-why-bad-is-easier.html","copied","610656802B63808720BE3FBC774647BA45E86E5BB893B7A39A141A11085B863F","\\dlowenas\HPWorkstation\Desktop\MDA-BUILD\_MDA_BUILD_OVERLAP_AUDIT_20260526-083540\LIKELY_PRODUCTION_HTML_FROM_03_MORAL_DECLINE\MDA-032-why-bad-is-easier.html","\\dlowenas\HPWorkstation\Desktop\MDA-BUILD\_MDA_BUILD_OVERLAP_AUDIT_20260526-083540\CANONICAL_SORTED_PRODUCTION_HTML\04-collapse-mechanisms\MDA-032-why-bad-is-easier.html"
"42","04-collapse-mechanisms","MDA-033-entropic-society.html","copied","019BC1C8DCEB02AA549F73F67DAD5C74560A013B099C919F2B0BBA929CEFB63A","\\dlowenas\HPWorkstation\Desktop\MDA-BUILD\_MDA_BUILD_OVERLAP_AUDIT_20260526-083540\LIKELY_PRODUCTION_HTML_FROM_03_MORAL_DECLINE\MDA-033-entropic-society.html","\\dlowenas\HPWorkstation\Desktop\MDA-BUILD\_MDA_BUILD_OVERLAP_AUDIT_20260526-083540\CANONICAL_SORTED_PRODUCTION_HTML\04-collapse-mechanisms\MDA-033-entropic-society.html"
"43","04-collapse-mechanisms","MDA-034-technology-entropy.html","copied","599FDDB5C1602165DDC440AD1212E1156749DF95F35F368B80FCDDA7FA586E0E","\\dlowenas\HPWorkstation\Desktop\MDA-BUILD\_MDA_BUILD_OVERLAP_AUDIT_20260526-083540\LIKELY_PRODUCTION_HTML_FROM_03_MORAL_DECLINE\MDA-034-technology-entropy.html","\\dlowenas\HPWorkstation\Desktop\MDA-BUILD\_MDA_BUILD_OVERLAP_AUDIT_20260526-083540\CANONICAL_SORTED_PRODUCTION_HTML\04-collapse-mechanisms\MDA-034-technology-entropy.html"
"44","04-collapse-mechanisms","MDA-035-great-reconfiguration.html","copied","9A6D38DEE7D703E9BDCBCDC1D4E4525CCE24A40EBF03160CE055B760B40A842B","\\dlowenas\HPWorkstation\Desktop\MDA-BUILD\_MDA_BUILD_OVERLAP_AUDIT_20260526-083540\LIKELY_PRODUCTION_HTML_FROM_03_MORAL_DECLINE\MDA-035-great-reconfiguration.html","\\dlowenas\HPWorkstation\Desktop\MDA-BUILD\_MDA_BUILD_OVERLAP_AUDIT_20260526-083540\CANONICAL_SORTED_PRODUCTION_HTML\04-collapse-mechanisms\MDA-035-great-reconfiguration.html"
"45","04-collapse-mechanisms","MDA-036-regulatory-impulse-1900.html","copied","871A9A55014C54E847E72BA4C3F8485A7C866463CB071959ADBCAD2A45CDCA60","\\dlowenas\HPWorkstation\Desktop\MDA-BUILD\_MDA_BUILD_OVERLAP_AUDIT_20260526-083540\LIKELY_PRODUCTION_HTML_FROM_03_MORAL_DECLINE\MDA-036-regulatory-impulse-1900.html","\\dlowenas\HPWorkstation\Desktop\MDA-BUILD\_MDA_BUILD_OVERLAP_AUDIT_20260526-083540\CANONICAL_SORTED_PRODUCTION_HTML\04-collapse-mechanisms\MDA-036-regulatory-impulse-1900.html"
"46","05-amish-and-case-studies","MDA-042-amish-exception-THE-CLAIM.html","copied","454C7D7EA0EB1511A96E927F9832720A25540116692B134A7C660D5C464F8A21","\\dlowenas\HPWorkstation\Desktop\MDA-BUILD\_MDA_BUILD_OVERLAP_AUDIT_20260526-083540\LIKELY_PRODUCTION_HTML_FROM_03_MORAL_DECLINE\MDA-042-amish-exception-THE-CLAIM.html","\\dlowenas\HPWorkstation\Desktop\MDA-BUILD\_MDA_BUILD_OVERLAP_AUDIT_20260526-083540\CANONICAL_SORTED_PRODUCTION_HTML\05-amish-and-case-studies\MDA-042-amish-exception-THE-CLAIM.html"
"47","05-amish-and-case-studies","MDA-043-amish-proof-THE-PROOF.html","copied","596C4E5B00F1DC02D723629D4F29C4DD3EB86F785EAB7F6CEBA3900A607196CF","\\dlowenas\HPWorkstation\Desktop\MDA-BUILD\_MDA_BUILD_OVERLAP_AUDIT_20260526-083540\LIKELY_PRODUCTION_HTML_FROM_03_MORAL_DECLINE\MDA-043-amish-proof-THE-PROOF.html","\\dlowenas\HPWorkstation\Desktop\MDA-BUILD\_MDA_BUILD_OVERLAP_AUDIT_20260526-083540\CANONICAL_SORTED_PRODUCTION_HTML\05-amish-and-case-studies\MDA-043-amish-proof-THE-PROOF.html"
"48","05-amish-and-case-studies","MDA-044-amish-control-study-THE-METHOD.html","copied","604A0A15463DA26920745F6E4249A017BE2C4DD707FFEA84970B932380BCC09F","\\dlowenas\HPWorkstation\Desktop\MDA-BUILD\_MDA_BUILD_OVERLAP_AUDIT_20260526-083540\LIKELY_PRODUCTION_HTML_FROM_03_MORAL_DECLINE\MDA-044-amish-control-study-THE-METHOD.html","\\dlowenas\HPWorkstation\Desktop\MDA-BUILD\_MDA_BUILD_OVERLAP_AUDIT_20260526-083540\CANONICAL_SORTED_PRODUCTION_HTML\05-amish-and-case-studies\MDA-044-amish-control-study-THE-METHOD.html"
"49","05-amish-and-case-studies","MDA-045-amish-control-group-THE-DATA.html","copied","CB2FC41C8D11DADD90B5FB1E82844AE3471A57D58566ECA39412366B5731AA9B","\\dlowenas\HPWorkstation\Desktop\MDA-BUILD\_MDA_BUILD_OVERLAP_AUDIT_20260526-083540\LIKELY_PRODUCTION_HTML_FROM_03_MORAL_DECLINE\MDA-045-amish-control-group-THE-DATA.html","\\dlowenas\HPWorkstation\Desktop\MDA-BUILD\_MDA_BUILD_OVERLAP_AUDIT_20260526-083540\CANONICAL_SORTED_PRODUCTION_HTML\05-amish-and-case-studies\MDA-045-amish-control-group-THE-DATA.html"
"50","05-amish-and-case-studies","MDA-046-amish-demographics-THE-NUMBERS.html","copied","FA1CE835BAD9F3699CAFDB7A2C22B3E5B859DA65AB6F772C9183617C1E4E7416","\\dlowenas\HPWorkstation\Desktop\MDA-BUILD\_MDA_BUILD_OVERLAP_AUDIT_20260526-083540\LIKELY_PRODUCTION_HTML_FROM_03_MORAL_DECLINE\MDA-046-amish-demographics-THE-NUMBERS.html","\\dlowenas\HPWorkstation\Desktop\MDA-BUILD\_MDA_BUILD_OVERLAP_AUDIT_20260526-083540\CANONICAL_SORTED_PRODUCTION_HTML\05-amish-and-case-studies\MDA-046-amish-demographics-THE-NUMBERS.html"
"51","05-amish-and-case-studies","MDA-047-amish-tech-filter-THE-FILTER.html","copied","BACFAFEFEA8B6CB30B68D8E658B57462261093243BC2C711F40C6552909DD134","\\dlowenas\HPWorkstation\Desktop\MDA-BUILD\_MDA_BUILD_OVERLAP_AUDIT_20260526-083540\LIKELY_PRODUCTION_HTML_FROM_03_MORAL_DECLINE\MDA-047-amish-tech-filter-THE-FILTER.html","\\dlowenas\HPWorkstation\Desktop\MDA-BUILD\_MDA_BUILD_OVERLAP_AUDIT_20260526-083540\CANONICAL_SORTED_PRODUCTION_HTML\05-amish-and-case-studies\MDA-047-amish-tech-filter-THE-FILTER.html"
"52","05-amish-and-case-studies","MDA-048-ordnung-algorithm-THE-MECHANISM.html","copied","D7A92E16C03C66A8924B8C029B59985BD91550566334EFF389D90924082ACFDD","\\dlowenas\HPWorkstation\Desktop\MDA-BUILD\_MDA_BUILD_OVERLAP_AUDIT_20260526-083540\LIKELY_PRODUCTION_HTML_FROM_03_MORAL_DECLINE\MDA-048-ordnung-algorithm-THE-MECHANISM.html","\\dlowenas\HPWorkstation\Desktop\MDA-BUILD\_MDA_BUILD_OVERLAP_AUDIT_20260526-083540\CANONICAL_SORTED_PRODUCTION_HTML\05-amish-and-case-studies\MDA-048-ordnung-algorithm-THE-MECHANISM.html"
"53","05-amish-and-case-studies","MDA-049-coherence-factory-THE-SYNTHESIS.html","copied","8C2D1B22748D180073D86147ADF2EA43B0D06F7A195546CF4FDDD2848F973A88","\\dlowenas\HPWorkstation\Desktop\MDA-BUILD\_MDA_BUILD_OVERLAP_AUDIT_20260526-083540\LIKELY_PRODUCTION_HTML_FROM_03_MORAL_DECLINE\MDA-049-coherence-factory-THE-SYNTHESIS.html","\\dlowenas\HPWorkstation\Desktop\MDA-BUILD\_MDA_BUILD_OVERLAP_AUDIT_20260526-083540\CANONICAL_SORTED_PRODUCTION_HTML\05-amish-and-case-studies\MDA-049-coherence-factory-THE-SYNTHESIS.html"
"54","05-amish-and-case-studies","MDA-051-korea-experiment.html","copied","CCC3C9EAFBD2CF39C0ECB9214BF6E5BBDF943F90D0365CAE936C71F9E0362732","\\dlowenas\HPWorkstation\Desktop\MDA-BUILD\_MDA_BUILD_OVERLAP_AUDIT_20260526-083540\LIKELY_PRODUCTION_HTML_FROM_03_MORAL_DECLINE\MDA-051-korea-experiment.html","\\dlowenas\HPWorkstation\Desktop\MDA-BUILD\_MDA_BUILD_OVERLAP_AUDIT_20260526-083540\CANONICAL_SORTED_PRODUCTION_HTML\05-amish-and-case-studies\MDA-051-korea-experiment.html"
"55","06-recovery-and-synthesis","MDA-052-individual-recovery.html","copied","BE815BD0F2AD3AF43F10FA9C5B9940527F8986BCD0431E663B42DB692A5B4190","\\dlowenas\HPWorkstation\Desktop\MDA-BUILD\_MDA_BUILD_OVERLAP_AUDIT_20260526-083540\LIKELY_PRODUCTION_HTML_FROM_03_MORAL_DECLINE\MDA-052-individual-recovery.html","\\dlowenas\HPWorkstation\Desktop\MDA-BUILD\_MDA_BUILD_OVERLAP_AUDIT_20260526-083540\CANONICAL_SORTED_PRODUCTION_HTML\06-recovery-and-synthesis\MDA-052-individual-recovery.html"
"56","06-recovery-and-synthesis","MDA-053-the-question.html","copied","B2F05D7E67A031DB82923CE73DCAA857D5A90B3C40254E56C10FAE73847A10F6","\\dlowenas\HPWorkstation\Desktop\MDA-BUILD\_MDA_BUILD_OVERLAP_AUDIT_20260526-083540\LIKELY_PRODUCTION_HTML_FROM_03_MORAL_DECLINE\MDA-053-the-question.html","\\dlowenas\HPWorkstation\Desktop\MDA-BUILD\_MDA_BUILD_OVERLAP_AUDIT_20260526-083540\CANONICAL_SORTED_PRODUCTION_HTML\06-recovery-and-synthesis\MDA-053-the-question.html"
"57","06-recovery-and-synthesis","MDA-054-way-back.html","copied","10113669D26CFB0E65AE70CE6290C10113BF46DB82823AC3C7DB3DADC996024C","\\dlowenas\HPWorkstation\Desktop\MDA-BUILD\_MDA_BUILD_OVERLAP_AUDIT_20260526-083540\LIKELY_PRODUCTION_HTML_FROM_03_MORAL_DECLINE\MDA-054-way-back.html","\\dlowenas\HPWorkstation\Desktop\MDA-BUILD\_MDA_BUILD_OVERLAP_AUDIT_20260526-083540\CANONICAL_SORTED_PRODUCTION_HTML\06-recovery-and-synthesis\MDA-054-way-back.html"
"58","90-appendices-and-source-packets","MDA-900-appendix-original-introduction.html","copied","A19DCD362F08B9D729E82C8C56BAF184C23BC0A7E4FF81F23DF5316DC0F5232E","\\dlowenas\HPWorkstation\Desktop\MDA-BUILD\_MDA_BUILD_OVERLAP_AUDIT_20260526-083540\LIKELY_PRODUCTION_HTML_FROM_03_MORAL_DECLINE\MDA-900-appendix-original-introduction.html","\\dlowenas\HPWorkstation\Desktop\MDA-BUILD\_MDA_BUILD_OVERLAP_AUDIT_20260526-083540\CANONICAL_SORTED_PRODUCTION_HTML\90-appendices-and-source-packets\MDA-900-appendix-original-introduction.html"
"59","90-appendices-and-source-packets","MDA-901-appendix-america-index.html","copied","5505743385398F7B0C074B4AFA9F7FA6E7104D4D3297AB100EAE655F6CF6D8E3","\\dlowenas\HPWorkstation\Desktop\MDA-BUILD\_MDA_BUILD_OVERLAP_AUDIT_20260526-083540\LIKELY_PRODUCTION_HTML_FROM_03_MORAL_DECLINE\MDA-901-appendix-america-index.html","\\dlowenas\HPWorkstation\Desktop\MDA-BUILD\_MDA_BUILD_OVERLAP_AUDIT_20260526-083540\CANONICAL_SORTED_PRODUCTION_HTML\90-appendices-and-source-packets\MDA-901-appendix-america-index.html"
"60","90-appendices-and-source-packets","MDA-902-appendix-trans-domain-analysis.html","copied","DC63811E3C635AE37BD3B154F8F28C24A2D6C5D362C473D22DC766F105AADB57","\\dlowenas\HPWorkstation\Desktop\MDA-BUILD\_MDA_BUILD_OVERLAP_AUDIT_20260526-083540\LIKELY_PRODUCTION_HTML_FROM_03_MORAL_DECLINE\MDA-902-appendix-trans-domain-analysis.html","\\dlowenas\HPWorkstation\Desktop\MDA-BUILD\_MDA_BUILD_OVERLAP_AUDIT_20260526-083540\CANONICAL_SORTED_PRODUCTION_HTML\90-appendices-and-source-packets\MDA-902-appendix-trans-domain-analysis.html"
"61","90-appendices-and-source-packets","MDA-903-appendix-series-home.html","copied","3582EC2BFBD4E11A3354E836BF47556ACD7D9D5E51DA9DFDD992BFDC0707FBFA","\\dlowenas\HPWorkstation\Desktop\MDA-BUILD\_MDA_BUILD_OVERLAP_AUDIT_20260526-083540\LIKELY_PRODUCTION_HTML_FROM_03_MORAL_DECLINE\MDA-903-appendix-series-home.html","\\dlowenas\HPWorkstation\Desktop\MDA-BUILD\_MDA_BUILD_OVERLAP_AUDIT_20260526-083540\CANONICAL_SORTED_PRODUCTION_HTML\90-appendices-and-source-packets\MDA-903-appendix-series-home.html"
"62","90-appendices-and-source-packets","MDA-904-appendix-sample.html","copied","217315D03C7DC2EF29964DF2967DF169EB0240F0D93E078E9CFF3CE6F382DDB5","\\dlowenas\HPWorkstation\Desktop\MDA-BUILD\_MDA_BUILD_OVERLAP_AUDIT_20260526-083540\LIKELY_PRODUCTION_HTML_FROM_03_MORAL_DECLINE\MDA-904-appendix-sample.html","\\dlowenas\HPWorkstation\Desktop\MDA-BUILD\_MDA_BUILD_OVERLAP_AUDIT_20260526-083540\CANONICAL_SORTED_PRODUCTION_HTML\90-appendices-and-source-packets\MDA-904-appendix-sample.html"
"63","90-appendices-and-source-packets","MDA-905-appendix-timeline.html","copied","5DC69FA97ABDF04B62B5367ADC554285C3B95D44EBD9486A2A8681F2110C8233","\\dlowenas\HPWorkstation\Desktop\MDA-BUILD\_MDA_BUILD_OVERLAP_AUDIT_20260526-083540\LIKELY_PRODUCTION_HTML_FROM_03_MORAL_DECLINE\MDA-905-appendix-timeline.html","\\dlowenas\HPWorkstation\Desktop\MDA-BUILD\_MDA_BUILD_OVERLAP_AUDIT_20260526-083540\CANONICAL_SORTED_PRODUCTION_HTML\90-appendices-and-source-packets\MDA-905-appendix-timeline.html"
"64","90-appendices-and-source-packets","MDA-906-appendix-93-year-floor.html","copied","F415BA26650B8BB6BBBF88A0212AF6E15CD978A22B90E521A9EA5B728449E280","\\dlowenas\HPWorkstation\Desktop\MDA-BUILD\_MDA_BUILD_OVERLAP_AUDIT_20260526-083540\LIKELY_PRODUCTION_HTML_FROM_03_MORAL_DECLINE\MDA-906-appendix-93-year-floor.html","\\dlowenas\HPWorkstation\Desktop\MDA-BUILD\_MDA_BUILD_OVERLAP_AUDIT_20260526-083540\CANONICAL_SORTED_PRODUCTION_HTML\90-appendices-and-source-packets\MDA-906-appendix-93-year-floor.html"
